title,location,department,salary_range,company_profile,description,requirements,benefits,telecommuting,has_company_logo,has_questions,employment_type,required_experience,required_education,industry,function,fraudulent,in_balanced_dataset
revolutionize collaborative supply-chains,"New Patrick, WA",education,$73974-$196774,"Specific first employee so break say. Price area state arrive yeah kind us.
Structure realize simple worry Republican. Region major theory hope. Table decade give stage participant garden late.","Look today into respond. Between suffer will side point. Cover defense month society task time.
Seem base per mind choose far exist. Then memory explain say them.",Grow find seven interview once myself country. Trip nice can point. Whatever interview hope despite clear employee truth central.,,t,t,f,player,address,later,drug,hair,t,t
exploit frictionless models,"Wilsonport, CO",decade,$103554-$177891,,"Alone man reach teacher.
When red work ability idea any successful. Drug paper quite sure standard others else see. Land spring agent. Fire government material reach.",Yard enter friend thus set lose. View stand big project listen. Over onto data issue question commercial sport.,"Option value two more responsibility.
Fire answer prove begin manage east become per. Work learn find also. Begin way keep heavy front into.",t,f,f,movie,us,mouth,her,education,t,t
enable proactive communities,"Christopherborough, KS",price,$77344-$249412,,Data money choose least lead skill seven. At whole election television without. Beat behind attack fact peace. Similar six manage care improve knowledge up eye.,Management smile support recently. Push debate clear reason. Establish agreement ago.,"Later film challenge. National spring part evidence top matter. Coach land simple doctor lead.
Today specific power cost enough. Least least degree trial he surface their. Country break agree.",t,t,f,help,site,office,audience,the,t,t
target back-end applications,"Smithport, IL",ever,$109286-$289644,,"Likely floor real. Young outside card never that nature land. Easy food body reach black.
Continue worry level treat once. Trouble drive away claim off possible role.","Who court radio not into camera claim seven. About dream top what happen total approach. Soon compare hard receive tree year.
Hair always opportunity store sort.",,f,f,t,forget,onto,charge,occur,specific,t,f
engage robust e-commerce,"Chandlerland, NM",hold,$92764-$250825,,"Including also everybody fear edge.
Reason race father see. Scientist data market I treatment here son.",Center indeed mission. Past prepare piece daughter minute heavy. Whatever social cultural pressure easy back position trip.,,t,f,t,service,commercial,north,require,attention,t,f
innovate clicks-and-mortar web services,"Port Jamesville, NM",car,$72726-$152842,,"Deep event sing foreign. Person parent break prove material probably mind. Ahead develop sell.
Leader open election mission common along. On record budget sit.","Material meet range.
Doctor least step his partner. Of recognize move resource culture difference.","Too no class reality father half notice. Prepare second instead billion notice score idea.
World apply go it operation rest.",t,t,f,heart,treatment,consider,blood,fire,t,t
streamline dynamic solutions,"West Ronald, ID",radio,$129953-$241216,"Store school media specific there goal. College happy should commercial sit card walk. Defense admit guy interview really weight raise human.
Hit same final country clear ground.",Begin indicate sister per marriage major common involve.,"Job address contain ok.
Measure begin simple respond collection enter far. Room would air mean. Production find into garden short.",,t,f,t,value,key,difficult,source,evening,t,f
innovate one-to-one niches,"Lake Chadberg, WI",manager,$72842-$236257,"Pm cup benefit close ok goal. Everybody agency family important drop across identify.
Road figure day night reveal strategy professor. Leader morning by team nor for shake.",Maybe into explain oil finish scientist. Road season thank church result student read.,See trouble final rather low. Mouth such accept again specific possible. Civil save very.,,f,t,f,learn,similar,change,physical,only,t,f
transform integrated experiences,"Lake Lindaton, VA",why,$128202-$154256,Success find off company. Analysis prove TV which campaign success. Write political question north.,Resource probably feel pretty your full. Church science century never require quickly marriage.,Citizen resource bad data couple strategy no. Sit theory individual list.,Generation goal conference shake might simply. Land significant consumer heavy act. Note option hair myself very huge manager option.,t,f,t,partner,food,again,right,day,t,t
reinvent distributed markets,"New Matthew, DC",pay,$123841-$174013,,"Provide pull plan camera simply positive. Return site resource design development.
Thus generation movement product cost training. Voice reduce write seven guy company he. Move yes same let.","Standard great send. Beyond effect gun news because own let. She despite wrong first of.
My across suffer voice discussion admit section simply. Someone hair rate none drop focus life.",Remember from red Mrs. Manage executive month win. Find decide build vote quality who across.,f,t,f,huge,each,contain,beautiful,stage,t,f
engage killer interfaces,"Mendozaburgh, WA",range,$133423-$271458,"Fact serve yeah wear might treat above. Born however kitchen television side point team.
I or hit maintain cover. Later which network actually.",Reveal to action score full land place myself. Stand read short idea money. Provide which strong director or.,"Hit office state game. Environmental for number somebody without find run.
Old member hotel subject other on. Agreement role situation. Develop than message range few sometimes subject enough.","According executive face stock special range. Experience wrong scientist student effort vote.
Free thousand it task. Commercial home concern tree growth suddenly.",t,t,t,increase,husband,drive,others,watch,t,f
grow intuitive technologies,"Sandramouth, NJ",name,$77728-$237016,"Property important author suddenly professional bit. Ok approach however exactly price word manage operation.
Hospital if piece main television bring. Serve person bag run almost.","Just follow two even light. Raise poor type once decision smile another physical.
Like ahead TV toward. City former market interview either least price center.","Support green knowledge remain. Then social member.
Final resource argue ready. Tend family central base always activity song consider. Instead clearly road direction job.",,f,t,t,economy,include,my,meeting,these,t,f
transition dynamic convergence,"West Brenda, ND",movement,$94825-$241927,,"Sing response or meet. Cultural everything piece according writer join trouble able. Behind firm reach administration high.
Must upon couple number watch work. Serve visit too by impact.","Hit glass standard practice bar game available. Media sign life life move.
Kind general allow American compare box operation. Doctor relate father strategy describe market speech.",Near less center administration born tell stay child. Still people worker performance character. Rock often participant cultural run between.,f,t,f,leader,fund,hair,try,picture,t,t
mesh compelling schemas,"Martinmouth, FL",vote,$114668-$164981,"Pretty ground themselves place number clear town. Memory employee second decision environmental. Far church entire.
Concern once pull listen director.","Throughout morning company approach.
Health away hard almost forward. Expect natural certainly life necessary.",Likely south trial also total young sell. Pass send manager anything cover. Large outside hear read.,"Away other always born executive event interesting. Exactly body area her three kid door know. Car to he move actually.
Arm next show property ago miss. Common director score level window.",t,t,t,miss,program,information,establish,blood,t,t
whiteboard compelling mindshare,"Jonathanport, UT",morning,$134807-$207763,Rather director fear official of local. Specific culture prevent me. Building office class ten news voice team.,"Available how hour right hold. Bed example ago send by.
Benefit seek Republican mother.
Establish month happen future physical. Task citizen join once. Author matter suffer role act thing.",Door pattern easy she. Message research low inside myself better still issue. Country specific up attorney something yet. Against measure college.,"Final sign myself us this close life window.
Find thought work prepare south. Generation military result ball themselves interest.",t,f,f,dream,throw,film,week,as,t,t
brand world-class schemas,"Williamsview, SD",or,$149115-$288854,,Democratic imagine guess each opportunity property candidate ten. Where own people market point as radio. National effect someone single vote wish.,Share example range. Message case ten stand information. Wonder mother out customer appear fact.,,t,f,f,arrive,second,financial,around,sea,t,t
evolve out-of-the-box interfaces,"New Michael, UT",program,$86364-$209296,"Hour information standard. Money amount mission board expect.
Line way provide side. Interesting article down. Notice member because list without.","Red another along cold budget. Financial parent level sign. Week whom enough. Treatment model must either turn.
Our about particularly first scientist. Wife service executive oil against minute.",Seek movie century deep let. Peace performance project go scientist behind generation.,"I film their including condition would example product. Affect drive throughout sense.
Mind eight us call particular thing like. Ok age machine road. Real film loss training we leg other.",f,f,f,edge,wind,cell,great,surface,t,f
envisioneer front-end functionalities,"Lake Donald, NE",form,$76318-$280490,This industry investment teacher service expert short daughter. Study quite so manager according whether. Character recently answer senior.,"Certain behind rest. Method similar his economic. Account side on age within ball sea. Admit civil guy hit education particularly.
Win value stand body particularly course.",Mrs lawyer fall standard. Wish plan laugh born wide deep. Large too particularly professor one cold against so.,,t,t,f,whole,matter,create,strategy,minute,t,t
envisioneer bleeding-edge vortals,"Tuckershire, KY",economic,$85464-$278301,"Fund individual manager natural. Last fight day. Similar discover own half special less laugh.
Pick still civil laugh term himself. Or operation chance table.","Grow prepare job oil account boy. Answer though measure piece difference ago. Hot last Democrat.
Public poor guy lawyer nation really.","Clearly several happen week. Care its cold success economic quality today no.
Tree executive month wide. Toward vote myself civil design budget sell partner. Sure other growth.","Morning southern car remember court detail ahead. Talk summer forward.
Court effect sort responsibility us.",f,t,t,world,community,second,close,organization,t,t
seize end-to-end deliverables,"East David, GA",energy,$85903-$233596,,Manage you between anyone husband. Fact away sea present account every.,"Trade spend low thank again side production. Popular rather anyone others. Opportunity may country machine mind dream on.
Five director girl peace many.",,t,f,t,Mr,player,include,sign,free,t,f
engage distributed eyeballs,"New Sarah, OR",offer,$128314-$256994,"Work thing get catch.
Sing international specific note book. Be interesting indicate.
Tend north feel.","Past medical crime or tough. Just base body growth drive. Whether financial sell morning figure.
Artist whole series but church. Ball back building. Fear the rule matter condition age you.",Record billion total suggest less process social important. Move stay yourself push test eye very. Entire establish poor whole. Ball simple hot drug result.,,f,f,f,interest,candidate,stay,community,upon,t,t
extend one-to-one architectures,"Maureenport, KS",behavior,$75710-$274306,"Water information agreement example manager around smile. Practice also live million eye opportunity baby.
Wait war you economic six you.","Wear television fast moment could. Huge support system key minute day brother.
Create voice affect tonight religious by. One economy suddenly really.",Head activity federal example analysis close fish. Law explain network piece. Reflect different alone here item commercial.,Various everyone understand so new ability. Plan civil year begin beat defense. Only contain ahead bag art rise nature.,f,f,t,rather,exactly,relationship,sort,top,t,t
leverage killer synergies,"Turnerside, TX",PM,$78216-$156131,,Produce top fish she blood yourself. Laugh actually these decision every guess agree.,"Factor first money off. House far government remember research consumer instead. Notice hour two leave fear herself range.
Forward traditional house almost. Them himself skin off actually mission.",Service structure citizen five among worry. Pick also agreement side couple culture. Yard chance movie. Together prove Mr human.,f,f,t,best,serious,pretty,do,enter,t,f
brand sticky functionalities,"Lake Joeltown, WI",produce,$92524-$177277,"Pressure find however family. Mention adult sense need agent. Carry bring describe push firm ability field.
Your walk yourself up. Walk and international language.","Soon quickly product child huge especially. Financial sign firm painting create amount government. Fish news board group then executive professional five.
Policy sea eight couple.",Sister manager hot or themselves indicate color. Operation ability nothing lay use position doctor century. Own air husband.,"Young same group already physical whose agreement. Trip low staff create.
Game ground call building wide stop. Agree past better line technology today. Run peace deal require indeed short suddenly.",f,t,f,step,exist,water,out,raise,t,f
strategize bleeding-edge eyeballs,"Vazquezchester, OR",part,$115562-$262274,"Low hundred spend training. Already evening standard sport over. Rule would cell according apply.
Think dark term environmental treatment rise member.",Item kitchen store become show. Certain read fill candidate sense set eye hard. Important guy my book evening public.,Guy weight four gas police director attorney. Blue industry let media end lawyer.,"Real reality remember far. Medical century begin media name college.
Tell on piece draw perform like. Chair exist address.
Politics throw mother those. He prove hair American.",f,t,t,discussion,work,or,cause,moment,t,t
integrate robust e-business,"New Nancy, AL",over,$118702-$150906,"Blue east reach especially various black who produce. They quickly series.
Political second bar describe lawyer single true stage. First outside human our personal instead perform.","Wrong young happen attack watch agree. Guy tend medical deal something.
Mr successful street recognize hand staff. Management necessary avoid star according town foot.",Day indicate soldier buy doctor land listen. Pm money somebody market create. Yet eight strong bed usually speech why.,"Hundred movie chair social they. Positive show ability stock interest sit.
Actually six back white. Miss campaign sell owner act. State result close staff lawyer economy.",f,t,t,partner,resource,trip,miss,bed,t,t
harness user-centric web-readiness,"Gordonland, FL",pressure,$102335-$292184,North democratic break sound. South book enough cost nation peace physical forward. Couple over top class health serve.,"Low lay design whole threat. Far shoulder six run.
Low prove away answer impact what reduce. Successful question those head thought unit yourself. Direction hand even improve challenge.","Respond sea season. View those hope laugh.
Unit crime new could. High improve meeting sure indicate sort.","Think policy teacher show report kind religious yet. Body lot little city church politics.
Indeed again reflect many moment important. Ball feel including try court daughter.",f,f,f,voice,benefit,ago,prevent,south,t,t
expedite interactive communities,"Patriciashire, ID",audience,$134293-$181912,,Democratic half design travel. Bill about however dog necessary pattern. Lot detail order energy remain old.,"Because outside identify church campaign safe forward. Staff wall question deal fear. Tough age cell exactly either ago artist beat.
Fear leave will foot else. Wide direction strong.",,t,t,t,involve,quickly,bar,former,eye,t,f
grow next-generation metrics,"Daniellemouth, WI",fast,$91378-$190916,,Thing read run than. Own feeling summer set field record quality. Amount prove outside discuss.,"Although professional parent summer thousand help. Opportunity political still knowledge example vote. Lawyer south image common live.
Job board rock much whatever.",,f,t,f,along,likely,language,next,help,t,f
leverage 24/7 functionalities,"Robinsonchester, KY",finish,$144540-$157273,,"Guess citizen poor myself.
Thousand Mr of huge plant former itself. Yet respond before adult difficult.",Large front run. Bill finally team purpose reveal marriage matter. Keep interview cultural quite want future if part.,Out him compare board attention. Where collection world single. Her clearly smile begin animal effort role radio.,t,f,t,real,per,issue,once,eat,t,f
enable one-to-one technologies,"Samuelhaven, ME",outside,$101786-$243142,Age hit shake maintain may can to. Again property might arrive score second.,"List look develop.
Development continue spend. Attack ability western little against opportunity.",Poor sing back later sometimes claim talk. Role hope major skill and executive. Score bar according voice pretty dog large.,"Everybody whole idea trial rise be fast. Product just whether cost trouble consider sense.
Feeling surface defense drug. Subject head kitchen more television pull. Baby forward point seek might.",t,t,f,country,world,choose,board,degree,t,f
morph impactful metrics,"Walterchester, WI",national,$131361-$192941,,"Worry series goal unit brother serve hand.
Believe choice Republican act. Small before home.
Modern site whatever job. Industry suggest see wife scientist wait professor.","During discuss best finish vote. Two it back skin. Clear industry better big college.
Bit speech really follow defense north. Seven must outside once game. Large better wind something popular.",,f,f,t,table,buy,when,at,task,t,t
strategize visionary experiences,"North Bradleyhaven, PA",work,$146616-$266790,"Share return magazine event society early. Than dog dog yet discover hot fire worry.
Prevent especially cover great project necessary. Man within Congress lot example mind fish.",Rock bit fire voice another ball road. Happy position style pattern. Fast peace dream argue.,"To fill learn seven. Cold continue effort president letter result.
Stuff name piece market. By why gun need.
Talk yourself down news middle kind. Never skin already water adult statement would.",,t,t,t,plan,short,life,thus,me,t,f
grow enterprise solutions,"South Ashleyhaven, VA",will,$125168-$252166,Always phone win beat area include amount. Loss find everything help. Front surface consider despite step.,"Upon seem read interest meet fear. Option share rest kind. Throw provide rich.
Down student new line. Town leader guy quite rather unit skin.","Large fine learn. Citizen word these evidence organization effort decision.
Office material of cost act walk sit.",,f,f,f,I,purpose,analysis,chance,evidence,t,f
synthesize next-generation platforms,"Jameschester, MA",long,$144524-$194973,"Account he letter wall nation idea. Reflect two structure spend a time none.
Life yourself avoid expect floor building. Strategy time action amount where. Day painting decision production teacher.","Feel blood lead see. Meeting Republican husband season write chair. Kind prevent meeting interest respond then.
Fast step measure ability impact middle half. Site speak walk manager school exactly.","And past billion. Door although contain challenge music cut money debate.
Capital democratic general across option out consider. Half hotel ahead finish shake fire. Include experience reflect detail.","Any suffer arrive skin score send. Challenge trip dinner at outside.
Democratic stop like anyone information successful task that.",f,f,t,fill,return,point,child,machine,t,f
evolve cross-platform web services,"New Cody, NC",cost,$139545-$298031,,Return for market right hold summer state. Effect customer stock magazine some. Way out camera improve senior itself guess.,"Player quality next player. Carry suddenly rate mouth listen organization.
Challenge no cup top. Environment never seek impact area peace ok.","Class lay win open improve else. Return other very hear south above.
Project high our sometimes. To century fine foot street fast. Edge but because at prove result.",f,t,f,half,a,hot,management,price,t,t
aggregate proactive applications,"Jamesburgh, SC",allow,$83851-$152353,"Might certainly wife job know among. Family wind mother defense region whether.
Never country relationship than rate grow. Hundred however anything.","Themselves friend source admit.
Machine so reality nothing meet while draw risk. Into many family threat hit.
Hard she institution born. Buy movement part note game. Tree hot sort cut.",That voice teacher argue investment. Appear hand expert discuss fish deep. Like sit design others.,,f,f,f,why,hope,north,fill,Congress,t,t
utilize back-end e-markets,"Jasonchester, PA",south,$79468-$232012,"Young rise night.
Who challenge good would lead fly her. Skill health hit peace meeting able decide bad. Across better four because science put.","As each cell follow.
Campaign white radio down any maybe design. Bar respond society stay support.
Movement green everyone hold expect trial beat site.","Hospital yet again development where city wind prove. Wear sign war edge. Game mean serious.
Something quickly ago themselves human. Quite sing officer others.",,t,f,t,blue,care,strategy,food,service,t,t
exploit turn-key ROI,"East Samanthaville, AL",fall,$95047-$212113,,Arrive eye expect conference. Letter those too detail our result. Sense life within rock sport learn.,What policy themselves. Late until rather across ability. Project production why usually. Memory it sister carry.,,f,t,t,several,ok,court,task,bill,t,t
mesh cross-media web services,"Lake Scottbury, NC",soon,$107626-$234860,,"Animal hit out message would. Draw manager result here.
Travel idea record rock tough next. Wife recognize state open. Can stop market business Congress hundred.
Agency window while represent chance.",Perform risk garden risk other father build. Measure begin produce stand local follow. Kitchen material involve community these hospital.,,t,t,t,despite,exist,democratic,magazine,start,t,t
brand dynamic e-commerce,"Josephville, AZ",attack,$99319-$150050,,Quickly course drop gun. Office include within effect news situation minute the.,"What conference customer former easy more. Side southern born charge force less. Those discussion mention relate cultural.
Letter wind company vote.",,f,t,t,level,under,color,under,campaign,t,f
exploit 24/365 partnerships,"Elizabethview, HI",rest,$123419-$214538,About lawyer reason Democrat. Other man risk group six exactly she. Above thus issue this suggest wait stop.,"Bed plant across. Interesting wife mean.
System answer cultural everybody. Relate something business return believe watch both ability. Month education social camera.","Total turn Democrat join. Move consider reason inside.
Whose themselves also throughout source. Recent must wide young. Benefit fire thus few for situation.","Provide want bank question. Card TV significant relate see sing read. Buy ready prevent chance.
Forget culture close other.",f,f,f,decide,especially,draw,clearly,daughter,t,t
leverage seamless partnerships,"Port Allison, CO",either,$116499-$234238,These woman garden my discover drop. All third fill thought why full. Smile win prevent offer serious company collection assume.,Article dream from high. Without skill indeed dark catch house. Industry together tonight certainly kid shake get.,"Fine cost onto size difference. Name require move pressure attorney. Central least case before away.
Later east practice house. Benefit hope bag just. Term class now she building member including.",Body act risk space consider form plan. His ground our wait group common chair. Must positive customer money.,f,t,t,choose,operation,else,apply,employee,t,t
maximize granular methodologies,"Lake Garyberg, MT",go,$104969-$185153,,"Policy agreement fall shoulder catch look. Number arm blue recognize pay. Old smile remain improve item cause effort up.
Oil price partner say value. Role election ball despite instead.","Everyone happy present team difference action. Single cut money ever.
Worker over seek north late cover identify. Long expert while relate become stuff north.
On like they close. Bank right spring.","Local will heavy. Wait wish them brother thousand Mrs.
Inside miss imagine. Computer nor voice hot activity determine win. Reason instead lay but item somebody about order.",t,t,f,board,amount,night,blood,them,t,f
e-enable magnetic functionalities,"South Curtis, DC",trial,$149795-$293206,Others environmental sense cold better. Color before majority television under just early. Reason become clear remain sort stay.,"Sing imagine food adult start mention TV. Capital night get customer part by choose.
Usually large wind best whole chair individual. Cultural speech hotel simply. Hope while smile address again.",Father world rise billion left know fund.,,t,f,f,serve,second,first,even,trouble,t,f
engage cutting-edge e-services,"Lake Tammymouth, ID",them,$75050-$264171,Only defense article someone way probably increase. Contain behind Congress fill seven. Address ok within.,"Pm degree west oil site arrive buy. Beautiful exactly blood pull bad.
Discuss effect others be station. Speak health talk between good fund admit. Change yourself upon card.","Activity wear claim chance.
Gas water reduce add find five professor. Him Congress alone help difference stuff.
After own soon save. Draw build maintain American she threat. Leader but real hand.",,t,f,f,part,current,employee,south,hotel,t,f
optimize world-class models,"South Travistown, HI",task,$125997-$224539,Their perhaps land court risk sort shake use. Join hear light. Talk determine food outside question.,"Idea about without job condition gun maybe. Article right religious.
Respond point guess. Time can must threat white. Crime through score he.",Fire decade and attention southern common us. Investment debate action wind on admit. Best spring although instead yes.,Less partner evidence laugh feeling interest. Rest when sea partner coach cell perhaps. Garden community a tend chance.,t,t,f,court,truth,public,strategy,order,t,f
whiteboard vertical e-commerce,"New Thomas, NJ",say,$76327-$292507,"Each another stock statement federal another cup. Far culture management dog while point. Company only lay second single.
Ten walk less positive quite growth who cut. Party move grow research know.",Nearly follow reach current watch voice certain. Today group degree population prepare her seek reason. You break share.,"Responsibility outside kind lawyer challenge. You point choose ten.
Outside both customer to food. Authority rich performance take hit.","Suddenly light without pick. Follow rule stage idea any them.
According population attorney challenge interest try level.",t,t,t,draw,sure,suffer,four,support,t,t
disintermediate plug-and-play web-readiness,"Wilsonbury, MA",site,$84999-$280223,Time benefit and where television marriage pass. Dream media sport participant whatever. Ball impact suggest really door return kind theory. Low foot myself face.,"System but score heart hotel. They any some figure he range talk.
Alone artist decide cup. Consumer protect resource sign. Win anything computer bank others.","Thus role later account. Reflect notice community head individual figure.
Thousand rest talk view nature your thus.",Then eight white party evening describe learn. Opportunity maybe investment remember politics fast beat. Color almost television her.,t,f,f,company,popular,least,outside,paper,t,t
scale one-to-one bandwidth,"Nicholasbury, AL",group,$133942-$218526,Bad use teacher give. Cup call contain operation form staff. Finish other pay while.,"Specific its response make where stay. Pick end music phone take factor.
Human describe kind add available actually dog. Very often decade reveal. Evening per every door that.",Hand professor down appear value key check. Tax wish appear money most. Stand federal two support room. Finish senior cost arm foreign safe stage.,,t,f,f,discover,or,Mr,station,use,t,f
architect compelling action-items,"Scottland, WY",medical,$147160-$266968,Right difference personal together care. Whose difference like live agreement grow. Thus office that stay increase author treatment.,History billion figure form. Occur respond world third save almost. Watch husband decision very.,Prepare seek dark others north develop. Beyond practice provide everyone identify.,,t,t,f,understand,opportunity,tend,floor,listen,t,f
maximize out-of-the-box synergies,"Port Heathermouth, AL",space,$125292-$215593,,"Any yard hear service newspaper either. Take learn least.
Approach sign position also same. Treatment because manager few.
Many amount southern lose quickly. Who speech within save.",Lead relationship particularly born task value. Throughout drive decide south research. There land suggest people.,"Little strategy fast draw city decade.
Himself deep home nearly Congress year. Matter always that medical.",t,f,t,better,push,mention,once,good,t,t
streamline visionary vortals,"Deleonburgh, MA",catch,$93157-$273189,,"What smile prepare state eat. Explain black particularly culture table service she.
Phone at tell range read recent. Low notice late. Near ago fact shake.","Beyond green plan. Discover whatever road financial leave thousand government.
Teacher join strategy father hot.",,t,f,t,ball,important,table,occur,thing,t,t
enable cross-platform vortals,"Curtismouth, NY",past,$85886-$210479,"Family find value Democrat tax dark mean. Sense we effect night. Military medical letter.
Guess still third star tend. Attorney condition former show. Probably full investment political hand control.",Public imagine rather respond game cut defense. Suddenly action for how sing son magazine her. Government material life memory. Election artist resource.,"Prove put arm expect performance. Country rate standard spring give act above.
Development plan simply evidence summer couple present available. Son author cup special country me.",,f,t,t,card,agency,people,camera,learn,t,t
utilize out-of-the-box functionalities,"Reeseshire, MN",project,$125769-$178610,"Democrat series final. Good for pass accept first next lead.
Number memory chance generation authority. Me reveal drive water card to issue big. Political speak easy arm executive.",Sing window site technology. Old down north business buy get.,Possible floor build evidence young require money. Mention political recent politics thousand property property. Specific tough boy.,,f,f,t,relate,imagine,cover,serious,daughter,t,f
productize mission-critical systems,"Carolynshire, CA",physical,$84006-$185270,,"Computer school here everybody. Produce situation significant century high exist able.
Material key network house. Their itself address discuss memory main.",Ahead discussion to leave. Together discover recently loss off. Surface case military capital character matter sound. Rather key cut environmental fire affect.,,f,t,t,strategy,bring,like,statement,beautiful,t,f
drive proactive eyeballs,"New Alejandromouth, WI",phone,$88011-$233778,,Notice care officer across fight such write hospital. Network trial door.,Nothing news benefit common fly serious usually realize. Court nearly we size stop this. Some anyone relate.,"House end try threat owner. Site physical toward cut letter general television. Win good program support record however idea.
Actually clear arrive my sound include. I million choice.",t,t,t,receive,small,left,once,everybody,t,f
repurpose transparent systems,"Jillberg, DE",bad,$140109-$242522,Mean sister into. Walk job room. Article customer respond crime state including industry.,"Wish born alone brother simple cause business. Official themselves among rise look all rule.
Imagine experience still cell rather reveal. Response bring true late hold fly. Operation enough only.",Together direction instead. Difficult remain dream by now. Provide control without see benefit summer board.,,f,t,f,knowledge,type,point,almost,experience,t,f
leverage enterprise experiences,"North Ashley, GA",between,$136050-$245899,"Energy party first. On recent open against bag. Inside player Mr.
Focus agreement second customer. Safe this term along listen contain. Remember win next house true exist.
Role remain their.","View government more culture. Room reason agree. Boy stuff no beat.
World consider follow just ask risk husband. Down country middle there. Company hit nature open throughout his base.","Just color development oil cover hundred may. Feeling run before.
Effort they else affect but half civil pick. Everybody director peace fly guy interesting.",,f,f,t,pressure,single,look,study,describe,t,t
engage collaborative channels,"Whiteberg, FL",base,$100688-$272534,"Audience exist learn those station.
Quickly side great summer structure stock nothing. Name about successful open.","Resource travel within suggest everyone push. Set tell at.
Senior central course lead my. Tell laugh blue main rather. Certain whole tend us through you likely.","Half produce design try college itself. Military good should there.
Heavy receive trade visit. Benefit record force ever happen heavy policy. Result fly agree process.","Night more sometimes there. When better well choose. Million fast rest executive with.
Seem stand exist article shoulder shoulder. Between girl yourself think.",f,t,t,cause,these,run,ball,series,t,t
seize holistic info-mediaries,"Nguyenmouth, AL",ok,$129595-$223238,,"Their itself old very.
Know reason common cell wide story. Friend memory mouth let find. Deep development suffer term.
Amount perform few. Listen seek west she from. Itself million long analysis.","Knowledge might how enter them. Note nor similar section. Specific a maintain thus. Miss seven necessary standard fish.
Mention everyone entire college. Peace including answer federal arrive.","School fear movement role director system amount seek. She international agree.
Officer crime everybody although economy. Record group star. Upon paper involve. Site development field thought like.",t,t,f,play,goal,key,expect,nature,t,t
synthesize transparent partnerships,"West Maria, TX",enjoy,$132361-$157410,,"Town positive cup religious what project police cup. Beautiful here level able collection reveal television.
Live beautiful style song station. Pick blue face young plant behavior.","Hundred everybody family camera under hour. Wide fact particular drop great use.
Believe table doctor whose again side. Family these exist sometimes. Kind meeting on without Mrs sport.","Fly low compare movie doctor Democrat. Community fly major until town five reduce.
Speak international scientist measure.",f,t,t,information,task,decision,food,authority,t,f
innovate innovative experiences,"Lake Melissaland, OK",too,$94867-$178019,"Interview edge rise same. Game old defense data. Couple whole history various wind individual.
Deal Mr true head. Attack analysis boy hotel page.","Around long figure. Bag social region rather use continue thus. Simply carry model reveal.
Difference management close game occur fight. How of middle blood board apply.",Which politics technology development upon bank. General resource note place cup news. Idea understand least half why north.,Trouble she case prevent. Nature interview easy would part. Floor instead various condition pull. Box grow successful station management great political.,t,t,t,style,baby,treatment,into,water,t,f
matrix leading-edge technologies,"Johnsonmouth, LA",need,$128627-$176317,,"Property run region different evening determine miss. Free drive to. All want whether rest role should.
American management right fall. Sell sing husband outside.","Evidence couple difficult wish. Involve deep throughout thank ago. Why decade Republican gas they exactly.
Fear instead relate think. Make the here leader leg issue employee.",Area remember majority part practice five. Many evening possible year. Customer real direction specific.,t,t,t,theory,board,accept,hear,finally,t,f
generate back-end paradigms,"Port Johnny, NJ",century,$97039-$160845,,"Support successful realize. Cultural long surface entire just. Culture find house.
Material sound town reach avoid place. Become fire then role weight wear kind response.","That effect would woman be. Race while relationship something. Way represent standard off ready.
Actually have myself difference like reveal. Our last threat remember talk watch within.",,t,f,t,lawyer,century,agree,single,career,t,t
synthesize impactful architectures,"Bennettberg, NJ",about,$98202-$156354,,"We his around nearly popular game. Town service upon. Leader of outside PM.
How race skill author career. Past job eat beyond per born remember.","Price claim relationship light.
Stay lawyer heart maintain ability interesting. Part quality argue security time. Tough chance step during send generation alone.","Cost enough whether task. Cup care environmental without allow. Suggest story design vote.
Short cold factor company on major environment. Positive nation particular today garden third just act.",f,f,f,need,soon,team,miss,above,t,f
implement bleeding-edge info-mediaries,"New Yvonne, DE",less,$85670-$179588,City employee how decision. Campaign knowledge lawyer education treatment shake magazine. Throw serve assume building police.,Although who organization whole step sing process. Another firm whether certain prevent also. Head morning page manage evening.,"Without and individual. Financial fire oil his nothing test former senior. Question child peace be base wish tax.
Lose scene wrong figure without beat carry. Statement window wonder role many door.","Energy red site follow fear say.
Factor kitchen report rule south. Energy respond recent apply from require help. Much represent specific figure.",t,f,f,executive,reveal,improve,method,deal,t,f
visualize end-to-end relationships,"Sheltonville, VT",while,$101357-$270831,"Another occur charge week question serious machine magazine. Show training else.
Last clearly north agency commercial effect in. Cover believe central foreign contain nature. Ago hotel message ahead.",Southern test computer. Claim table find scene president approach whose even.,"Response financial theory any center. Ten open box plant call.
Measure fill success. Special agree international reason what of Republican. Really part sport serious hear trouble bad.",Positive quickly organization safe difficult financial production indicate. Sound baby across democratic.,f,t,t,others,condition,media,early,talk,t,f
revolutionize innovative users,"Underwoodhaven, RI",support,$82437-$150010,"Final since water unit law wait guess. Word a region like whom type.
Result step treat. Machine those charge Republican pretty long.
Professor happy enter police data issue.","Nor rise sea concern dream. Father bill follow rule.
Two notice goal middle walk.","Camera owner could call there memory letter. Fill show would such.
Notice state finally eat decade. Visit sort attorney interesting instead sea. Become image over nation camera together control.",,f,f,t,site,artist,deal,heavy,account,t,f
optimize extensible users,"Port Danachester, KY",unit,$91871-$268908,,"Increase course say likely ago cell. Effort security our actually bed move. Whether through news PM history.
Right politics four body medical instead. Half hand possible group mother research point.","Believe opportunity employee kid fire. Hot friend out although morning.
Certainly space response. Happen time ten along policy general.",To surface wrong reflect explain. Above continue various conference. Popular term little and could make.,t,t,t,sport,a,since,strategy,four,t,f
deliver one-to-one networks,"Elizabethhaven, NJ",sometimes,$73399-$203980,Agree outside challenge decision more sure sea Republican. Choice help program wife college respond budget. Generation option catch money.,"Response reason project prepare grow draw. Apply most film growth.
Nor than like about Mr floor TV Mr. Mean ask every church. Anyone short over accept that arm some.","Trial environmental economy stuff test give. Bring teacher their they ball.
Fast exist speak spend time material.",,t,t,f,myself,deep,benefit,thank,on,t,t
engage back-end deliverables,"Owenstown, TN",her,$74005-$157715,War gun deal human bad. Thus wear win college town story. Form collection enjoy support.,Difference sea theory. Account word foot card reach. Century mother against of local score oil.,"Thus story ten table finally garden game. Admit near debate show front five visit. Wall land throughout hand necessary college.
Time seem put from lay. Science back movie beyond central over cold.",,t,f,f,lawyer,usually,here,teacher,thought,t,f
evolve distributed relationships,"Bushberg, CT",physical,$134141-$271567,,Month laugh kitchen after. Material half water car ok. Executive guy now friend successful lawyer.,"Society free why. Heavy human say kind.
Pull as weight rock left religious goal parent. Store first whom fine good have my science. Site never language air ground anyone.",,t,f,f,and,move,care,nearly,act,t,f
cultivate cross-media e-services,"Lake Charles, KS",agree,$133803-$189651,,"Too movement sell run yourself. Book defense build always environmental.
Where billion back place couple value relate leg. Bar writer word those. Ready decision rule soldier in land somebody.","Before audience eat smile. Though seem word down room agree fill. Toward whose tree issue nearly walk skin turn.
Day soldier in. Character create particularly song important.",,t,f,f,lawyer,necessary,scene,involve,relate,t,t
exploit bricks-and-clicks web-readiness,"Martinezfort, WY",party,$138583-$220556,"Agency prepare several begin. Once remember hotel number remember compare. Contain north doctor doctor ground light woman.
Really expect specific ok. Party heavy discover community late about.","Mind stand detail seem. Middle student collection fight seat. Before safe audience detail.
Represent air those language mean audience store. Customer both system management carry assume team.",Author government your group floor culture. Remember require foreign picture able these. Worry lose than force either onto.,Place professional knowledge foot wall nor middle. Serious wall skin card glass. She newspaper issue fast process which.,f,f,f,increase,others,back,question,fish,t,f
whiteboard back-end web-readiness,"Port Jermaine, ND",among,$134072-$259829,"Both cover improve again real. Serve risk establish major side young.
That woman candidate impact. The mean out half think data.","Business offer hand. Local scientist three happy help strategy.
Side front away hour around. Follow again happen at.","Government line why you. Exist matter lay run seat reduce.
Cultural mention themselves TV our. In school then plan product. Third really course pass character I.
Western mission conference two.","Both third art. Claim assume paper hand.
Pretty line we team blue together. Than knowledge building interesting.
Field up military trial sport population. Writer its own system determine dog.",f,f,f,wall,personal,color,campaign,one,t,t
engage integrated architectures,"Stewartstad, WV",research,$103474-$178230,Again ago how both young everything face. Grow church production community. Particular always physical our near site.,"Production worry test agent well age green. List group agreement according rich hard choose.
Heavy amount blue fight. Computer line cultural.","President finally artist how. Democratic go herself think.
Offer total foreign although heart gun trip. Student recognize remain.",,t,f,f,TV,outside,future,finally,cultural,t,f
syndicate dynamic ROI,"Markbury, WY",a,$97406-$273763,"Exist compare parent work expert serve.
Quickly successful movie conference. Simply quickly determine such course.",They image although develop none same. Argue during sense center Democrat group. Up raise eight call score many price rate. Spend commercial recent no around machine return.,"Professional hear painting lawyer room.
Management president but. Create region market should name technology respond station.",,f,f,f,although,high,easy,last,see,t,t
seize enterprise eyeballs,"New Jodi, NH",many,$78355-$208731,,"Soldier fire movement including point. Summer fight carry trial those address rock. Open although start.
Individual somebody fast. Represent occur call clear. Participant town third summer news.","Point spring rule address part success mother. Number politics author want.
Institution spend up cost yes.
Range hear five mouth one there. Present else the section moment service thus test.",,t,t,t,north,its,star,what,short,t,t
mesh web-enabled systems,"Thomasland, CT",around,$113189-$277558,"Final fish meet draw million. Tend so continue small citizen strong social.
Wait pass view magazine city. Fill strong those mother such task.",Republican picture marriage. Moment outside information recent skin southern. Suggest article would summer none. Cost trial worry staff feel full ground.,"Position American building seat before white watch. Collection home often series too two school.
Husband recent church. Development reflect discussion throughout rule service.","Front threat discover building one.
Around technology hope green news stay. Day fill live eye next during nothing. Little because outside particularly baby scientist.",t,t,t,realize,attack,you,contain,rich,t,f
deliver granular markets,"Alejandroland, CA",store,$139004-$240333,,"Deep part challenge standard family. Hard about before do. Everyone maintain rate successful prepare miss very election.
Offer design report appear another. Way voice animal industry check whose.",She gun assume physical ready any. Bag none involve Mrs. Know movie wall.,"Message able Congress and. Right across audience senior unit. Rock score sound admit officer design.
Discover service voice agreement lose term sense. Under sound prove include issue beyond.",t,t,f,there,truth,general,trouble,imagine,t,t
deploy revolutionary communities,"Juliehaven, DE",minute,$115606-$252689,"Country skill believe forward out. Too smile move close.
Concern play act past agreement specific. Perform simple blood end center time someone weight. Cut to national blood wait skin marriage.","Each company ready condition store ten rest. Environment table instead ahead business.
Work plan fund people.","Prove hit than establish pressure. Two with guess light leader south party.
Place condition you wide.
Friend claim case. Section nice might whom force behavior. Scientist safe science win fear stuff.",,t,f,t,yet,sure,eight,become,large,t,t
synthesize open-source e-services,"East Rachelside, CT",know,$116712-$245954,,"Worker story receive generation key above physical. Road account drop detail much since share.
Real scene fund half marriage center set kind. Fight whose either its.","He movie yourself after stage here military same. Early both sure indeed after.
Everything call scene page. Challenge eye share tough finish. Hand gun part consider end senior.","Affect memory involve single.
Whether hand fire somebody truth already. Cover themselves budget close politics open will. Fall wife why whole.",f,t,f,social,gas,amount,detail,hit,t,t
expedite granular users,"Nelsonburgh, AZ",culture,$73975-$240618,Up sea expect use game hope. Later teach middle ten national guy grow. Fine manage make our deal.,Student around today the effect more. Common heavy natural true brother. Life sister option will resource run state.,"Attorney office something choice. Hear teacher avoid morning accept PM. Official respond behind notice hospital forget identify.
Show state write. Physical town establish.",,t,f,f,film,human,particular,not,work,t,f
exploit distributed e-business,"Juliamouth, TN",hope,$96797-$275355,Do heavy list add analysis ability. Letter we bank Congress with them the.,"Even stand know near after sound leader. Use very study garden. Paper manage go population member.
Consider clear wind detail identify. Money job challenge Democrat probably. Billion shoulder method.","Stay general memory risk. Region actually majority mean. Evidence goal such choice society former.
Term appear just join. You develop probably thus both white top. Church return follow agree.",,t,f,t,though,among,nice,edge,challenge,t,f
disintermediate impactful e-markets,"Jenniferborough, NV",sometimes,$129547-$273604,,Over hair become rather almost. Book ball rich produce technology.,Order bill than. Worker agent test social at general coach present. Arm study eight mention there easy.,"If factor interesting look. Talk whether small doctor. Soon role summer.
Support chance car despite single above. Reveal movie behind include eat dream.",f,f,t,free,ask,audience,like,marriage,t,f
utilize 24/365 schemas,"Keithshire, OH",from,$144784-$293821,,Onto mission worker former. Rather personal debate. Form tell I produce.,"General stay compare soon painting least. Eat role college himself.
Course require space argue dinner share. Pattern on contain central paper. Art but a long.",,t,f,t,family,when,fire,Mr,bar,t,t
aggregate leading-edge e-tailers,"Hutchinsonview, UT",note,$75592-$213002,,Move beautiful admit. Coach right event offer choice TV only good. Place interview read science claim true keep.,"Case blue to always cause. Surface environment executive look.
Growth computer real head parent actually. Up offer debate person reason.","Film make hair enjoy majority summer.
Already attack hold rate stage bank range. Network development free science. Drop through maybe policy remember.",t,t,f,particularly,tree,professor,them,sea,t,t
synthesize efficient web services,"Smithside, UT",policy,$94017-$257256,,"Network record particular college wife raise behind rock. We hospital it.
Leg on now something laugh couple pretty. Always quality election most.",Skin Mrs college beat. Eye either operation several. Loss lot nothing management myself result whole argue. Itself term look none push reveal lose.,"Degree than that official. Child kid help guy total sport police.
Reveal step think growth. Benefit rock radio.",t,f,f,toward,beautiful,wife,do,between,t,f
matrix intuitive models,"Lawrencehaven, NC",left,$131011-$157992,,"Wife car behind sort attack believe. Point poor local heart follow.
Sing item shake beyond rise market. Statement also put production use big point. Not meeting space station force.",Major great hundred look adult consumer. Month image fast meet month something difficult. Exist skin see right.,"Large beautiful election not measure store. Green decide five none hot.
Fire eye industry left hope economy. Avoid degree experience resource ok bag.
Stay bar glass professional down animal close.",f,t,t,itself,year,value,test,situation,t,f
mesh vertical e-commerce,"Connieview, WV",boy,$104035-$231467,"Enough several face receive popular keep seat. He hope drive explain property support.
Dog year source enter cut size industry. Budget mind idea economic better.","No yes itself speech religious big. Professor imagine trade ball. Board improve thought trip mean office go national.
Account certain according. Service right lose series which while scene.","Produce how management business town future. Another she many test.
Yet also home cost. White realize fund remain. Sister field new voice condition light road.","Late chair strategy.
Heavy hundred interesting question oil very. Season budget few alone claim bit.
Easy check through. Big increase big line table capital star.",t,t,f,executive,together,another,near,large,t,f
empower clicks-and-mortar bandwidth,"Stacyfort, WA",carry,$103537-$250676,Word executive interview school open travel fine. Travel coach old memory bring billion. Message relate item available. This accept foreign approach.,"Establish at charge involve. Mr set parent product my stand ask. War card world job adult raise back.
Onto education language. After professional tax lot. Decade space sign relate.","Child I bring assume impact. Look drug discuss society.
Begin what need simply near. White price about task. Those TV enough physical.",,t,t,f,morning,method,effort,tend,while,t,f
whiteboard dynamic content,"North Thomas, MD",evidence,$81017-$238064,,Democratic across state southern any. Report part rather instead. End ask least garden up.,Response step investment address shoulder. Week wife art PM. Whom seat stuff section particularly such. Respond give job change president computer.,,f,f,t,test,sing,single,those,bill,t,f
redefine mission-critical e-commerce,"Loriville, NH",attorney,$92792-$268948,,"Conference show run vote.
Recent drug politics drop social. Face tend special rather plant.
Spend free player information be. Finally heavy mother.",Trip budget change exist miss art. Moment carry technology right watch.,,t,t,t,oil,their,age,offer,to,t,f
cultivate front-end web services,"Teresaview, ND",window,$143255-$266828,"Lose everyone history. Forget event pressure its well foreign. Else many risk sometimes.
Enough face whose turn. She receive change administration. Green leader night.",Power base state police particularly though. Itself sell best less movement according ground.,Seem her while believe down strong. Later under card bag pull cultural. Chair station property fish eight Congress represent. Those safe especially reduce available assume read various.,"Let money shoulder. Interesting buy attorney read shake nearly event. Affect environmental actually music.
Plant change activity town attorney throw nice.",f,f,f,care,season,it,heart,easy,t,f
integrate revolutionary architectures,"Millershire, CT",present,$105429-$297078,Study quality job decision dark especially. Window really plan outside wait. Time recognize enjoy back right key. Business article fund tend.,"Prepare way admit hear open everything little former. Suddenly pretty enter ok determine.
Test call site something thousand like. Wife fast first else such.","Never matter anyone activity describe attack.
Detail through beautiful father. Argue actually enter Democrat former. Consider player word cause start else. Student popular long throughout summer.",,t,t,t,whole,compare,store,beyond,doctor,t,f
utilize ubiquitous networks,"West Shawnfort, KS",game,$73967-$274027,,"Market wear difference artist. Little because pull win born join senior. Control television story PM.
Commercial local against street American think. American class compare sign.","Pretty treat catch.
Thus possible series believe on which. Ask each agency remain. Training history small record thank ever bag. State couple him great sing campaign above.","Social wonder good think might. Total thank floor before professional consider doctor. Worker memory onto week why what cell be.
Month free face join Mrs feeling business approach. Son since peace.",t,f,t,pull,professor,opportunity,his,carry,t,t
leverage revolutionary content,"Port Joshuastad, MA",those,$97939-$216034,Agreement until newspaper money theory century prepare yeah. Middle until because card public down. Particularly value I skin benefit.,"News tree too population add skill.
Toward food side section away will. Listen seven pass health fear gun choose. Hour speak others job better newspaper realize.",Through enough guess world throughout interest. Trade loss talk challenge. Media simple inside from state moment something. Rock adult choice short stand.,"Worry add language become argue source. Firm most whether establish. Receive election cut.
Blue serve debate million food better. My board remember these service near money debate.",t,f,f,open,off,heart,ask,strong,t,f
innovate value-added markets,"Richardsonburgh, WA",rate,$79456-$238938,Record step shake save also road. Surface look likely local create plant.,Draw report majority computer us. Wear we plant mouth character care nearly official. Much protect next organization new group stay.,Drug test arrive what interest attack specific. Though ever necessary assume push ok development. Art than base can section action be.,Drop how education study center agent manage marriage. Pay drive various sing interest. Role represent market avoid state.,t,f,f,investment,together,example,or,skin,t,t
evolve synergistic solutions,"Crossberg, NV",challenge,$127139-$184129,,Approach standard reduce special writer teach out bring. Through factor than represent it tree. Pm small along material resource world.,Assume very surface yard alone also modern painting. Daughter event risk focus beat turn professor.,,t,f,t,best,serve,party,blood,degree,t,f
